Crop,District,Year,Season,Area(Hectare),Production(Tonne),Yield(Tonne/Hectare),Annual_Temp,Fertilizer(KG_per_hectare),ANNUAL_RAINFALL(Millimeters)
bajra,anantapur,2014,kharif,1752,1028.0,0.59,30.5,115.13,575.0
cotton,anantapur,2014,kharif,73734,103779.0,1.41,30.5,115.13,575.0
groundnut,anantapur,2014,kharif,550794,148714.0,0.27,30.5,115.13,575.0
groundnut,anantapur,2014,kharif,122578,72811.0,0.59,30.5,115.13,575.0
maize,anantapur,2014,kharif,16839,42687.0,2.54,30.5,115.13,575.0
maize,anantapur,2014,kharif,2693,8820.0,3.28,30.5,115.13,575.0
ragi,anantapur,2014,kharif,1136,1713.0,1.51,30.5,115.13,575.0
rice,anantapur,2014,kharif,22658,68155.0,3.01,30.5,115.13,575.0
turmeric,anantapur,2014,kharif,19,223.0,11.74,30.5,115.13,575.0
castor_seed,anantapur,2014,rabi,229,131.0,0.57,30.5,115.13,575.0
gram,anantapur,2014,rabi,68092,38676.0,0.57,30.5,115.13,575.0
moong(green_gram),anantapur,2014,rabi,586,481.0,0.82,30.5,115.13,575.0
safflower,anantapur,2014,rabi,310,87.0,0.28,30.5,115.13,575.0
sunflower,anantapur,2014,rabi,3386,1642.0,0.48,30.5,115.13,575.0
bajra,chittoor,2014,kharif,2071,4622.0,2.23,26.5,196.19,709.0
cotton,chittoor,2014,kharif,308,723.0,2.35,26.5,196.19,709.0
groundnut,chittoor,2014,kharif,27,44.0,1.63,26.5,196.19,709.0
maize,chittoor,2014,kharif,755,2500.0,3.31,26.5,196.19,709.0
ragi,chittoor,2014,kharif,4556,3686.0,0.81,26.5,196.19,709.0
rice,chittoor,2014,kharif,13304,44462.0,3.34,26.5,196.19,709.0
turmeric,chittoor,2014,kharif,17,199.0,11.71,26.5,196.19,709.0
gram,chittoor,2014,rabi,7,7.0,1.0,26.5,196.19,709.0
moong(green_gram),chittoor,2014,rabi,384,315.0,0.82,26.5,196.19,709.0
sunflower,chittoor,2014,rabi,1310,1104.0,0.84,26.5,196.19,709.0
bajra,east_godavari,2014,kharif,58,75.0,1.29,27.5,440.27,719.0
cotton,east_godavari,2014,kharif,22433,47597.0,2.12,27.5,440.27,719.0
groundnut,east_godavari,2014,kharif,804,1298.0,1.61,27.5,440.27,719.0
maize,east_godavari,2014,kharif,367,1215.0,3.31,27.5,440.27,719.0
ragi,east_godavari,2014,kharif,406,387.0,0.95,27.5,440.27,719.0
rice,east_godavari,2014,kharif,226072,681833.0,3.02,27.5,440.27,719.0
turmeric,east_godavari,2014,kharif,160,1151.0,7.19,27.5,440.27,719.0
gram,east_godavari,2014,rabi,97,187.0,1.93,27.5,440.27,719.0
moong(green_gram),east_godavari,2014,rabi,16204,5914.0,0.36,27.5,440.27,719.0
sunflower,east_godavari,2014,rabi,379,365.0,0.96,27.5,440.27,719.0
bajra,guntur,2014,kharif,689,758.0,1.1,30.5,415.43,576.0
cotton,guntur,2014,kharif,206374,1075856.0,5.21,30.5,415.43,576.0
groundnut,guntur,2014,kharif,15754,6963.0,0.44,30.5,415.43,576.0
maize,guntur,2014,kharif,408,1336.0,3.27,30.5,415.43,576.0
rice,guntur,2014,kharif,255607,1000190.0,3.91,30.5,415.43,576.0
turmeric,guntur,2014,kharif,4854,38817.0,8.0,30.5,415.43,576.0
castor_seed,guntur,2014,rabi,11,16.0,1.45,30.5,415.43,576.0
gram,guntur,2014,rabi,5945,13691.0,2.3,30.5,415.43,576.0
moong(green_gram),guntur,2014,rabi,47589,61199.0,1.29,30.5,415.43,576.0
sunflower,guntur,2014,rabi,86,83.0,0.97,30.5,415.43,576.0
bajra,kadapa,2014,kharif,1173,3010.0,2.57,32.5,277.4,607.0
cotton,kadapa,2014,kharif,34346,57550.0,1.68,32.5,277.4,607.0
groundnut,kadapa,2014,kharif,999,2690.0,2.69,32.5,277.4,607.0
maize,kadapa,2014,kharif,4682,20048.0,4.28,32.5,277.4,607.0
ragi,kadapa,2014,kharif,11,10.0,0.91,32.5,277.4,607.0
rice,kadapa,2014,kharif,42124,155648.0,3.69,32.5,277.4,607.0
turmeric,kadapa,2014,kharif,3285,26694.0,8.13,32.5,277.4,607.0
castor_seed,kadapa,2014,rabi,25,14.0,0.56,32.5,277.4,607.0
gram,kadapa,2014,rabi,68169,43083.0,0.63,32.5,277.4,607.0
moong(green_gram),kadapa,2014,rabi,4935,4047.0,0.82,32.5,277.4,607.0
safflower,kadapa,2014,rabi,300,93.0,0.31,32.5,277.4,607.0
sunflower,kadapa,2014,rabi,14902,10536.0,0.71,32.5,277.4,607.0
cotton,krishna,2014,kharif,55571,261650.0,4.71,29.12,435.53,724.0
groundnut,krishna,2014,kharif,94160,67607.0,0.72,29.12,435.53,724.0
maize,krishna,2014,kharif,38554,138717.0,3.6,29.12,435.53,724.0
rice,krishna,2014,kharif,235212,788901.0,3.35,29.12,435.53,724.0
turmeric,krishna,2014,kharif,1887,22578.0,11.97,29.12,435.53,724.0
castor_seed,krishna,2014,rabi,20,65362.79082774049,3.560212527964206,29.12,435.53,724.0
castor_seed,krishna,2014,rabi,366,209.0,0.57,29.12,435.53,724.0
gram,krishna,2014,rabi,769,1485.0,1.93,29.12,435.53,724.0
moong(green_gram),krishna,2014,rabi,15572,12286.0,0.79,29.12,435.53,724.0
sunflower,krishna,2014,rabi,15,14.0,0.93,29.12,435.53,724.0
bajra,kurnool,2014,kharif,5056,7083.0,1.4,27.65,263.71,759.0
cotton,kurnool,2014,kharif,306058,809620.0,2.65,27.65,263.71,759.0
groundnut,kurnool,2014,kharif,2376,3835.0,1.61,27.65,263.71,759.0
maize,kurnool,2014,kharif,1183,4294.0,3.63,27.65,263.71,759.0
rice,kurnool,2014,kharif,91569,361514.0,3.95,27.65,263.71,759.0
turmeric,kurnool,2014,kharif,2037,35705.0,17.53,27.65,263.71,759.0
gram,kurnool,2014,rabi,143877,190205.0,1.32,27.65,263.71,759.0
moong(green_gram),kurnool,2014,rabi,1862,1527.0,0.82,27.65,263.71,759.0
safflower,kurnool,2014,rabi,68,30.0,0.44,27.65,263.71,759.0
sunflower,kurnool,2014,rabi,8362,10294.0,1.23,27.65,263.71,759.0
bajra,prakasam,2014,kharif,10611,10887.0,1.03,27.21,266.6866133333333,929.8805333333333
cotton,prakasam,2014,kharif,71520,252407.0,3.53,27.21,266.6866133333333,929.8805333333333
groundnut,prakasam,2014,kharif,4707,13297.0,2.82,27.21,266.6866133333333,929.8805333333333
maize,prakasam,2014,kharif,132,437.0,3.31,27.21,266.6866133333333,929.8805333333333
ragi,prakasam,2014,kharif,24,23.0,0.96,27.21,266.6866133333333,929.8805333333333
rice,prakasam,2014,kharif,31764,121783.0,3.83,27.21,266.6866133333333,929.8805333333333
turmeric,prakasam,2014,kharif,698,5023.0,7.2,27.21,266.6866133333333,929.8805333333333
castor_seed,prakasam,2014,rabi,1064,468.0,0.44,27.21,266.6866133333333,929.8805333333333
gram,prakasam,2014,rabi,50750,95867.0,1.89,27.21,266.6866133333333,929.8805333333333
moong(green_gram),prakasam,2014,rabi,2274,1853.0,0.81,27.21,266.6866133333333,929.8805333333333
safflower,prakasam,2014,rabi,3,1.0,0.33,27.21,266.6866133333333,929.8805333333333
sunflower,prakasam,2014,rabi,8090,7710.0,0.95,27.21,266.6866133333333,929.8805333333333
bajra,spsr_nellore,2014,kharif,622,1663.0,2.67,30.5,343.32,916.0
cotton,spsr_nellore,2014,kharif,6615,20463.0,3.09,30.5,343.32,916.0
groundnut,spsr_nellore,2014,kharif,3874,3882.0,1.0,30.5,343.32,916.0
maize,spsr_nellore,2014,kharif,9103,36330.0,3.99,30.5,343.32,916.0
ragi,spsr_nellore,2014,kharif,34,32.0,0.94,30.5,343.32,916.0
rice,spsr_nellore,2014,kharif,62232,232561.0,3.74,30.5,343.32,916.0
turmeric,spsr_nellore,2014,kharif,174,1252.0,7.2,30.5,343.32,916.0
gram,spsr_nellore,2014,rabi,3699,7069.0,1.91,30.5,343.32,916.0
moong(green_gram),spsr_nellore,2014,rabi,11526,9463.0,0.82,30.5,343.32,916.0
sunflower,spsr_nellore,2014,rabi,784,835.0,1.07,30.5,343.32,916.0
bajra,srikakulam,2014,kharif,196,522.0,2.66,29.5,183.22,803.0
cotton,srikakulam,2014,kharif,9563,42122.0,4.4,29.5,183.22,803.0
groundnut,srikakulam,2014,kharif,1383,1481.0,1.07,29.5,183.22,803.0
maize,srikakulam,2014,kharif,5894,9224.0,1.56,29.5,183.22,803.0
ragi,srikakulam,2014,kharif,207,277.0,1.34,29.5,183.22,803.0
rice,srikakulam,2014,kharif,205485,434806.0,2.12,29.5,183.22,803.0
turmeric,srikakulam,2014,kharif,214,1540.0,7.2,29.5,183.22,803.0
gram,srikakulam,2014,rabi,1,2.0,2.0,29.5,183.22,803.0
moong(green_gram),srikakulam,2014,rabi,32712,17207.0,0.53,29.5,183.22,803.0
sunflower,srikakulam,2014,rabi,1170,1127.0,0.96,29.5,183.22,803.0
bajra,visakhapatanam,2014,kharif,2395,2170.0,0.91,28.5,133.55,873.0
cotton,visakhapatanam,2014,kharif,2840,12510.0,4.4,28.5,133.55,873.0
groundnut,visakhapatanam,2014,kharif,6189,6344.0,1.03,28.5,133.55,873.0
maize,visakhapatanam,2014,kharif,16616,47705.0,2.87,28.5,133.55,873.0
ragi,visakhapatanam,2014,kharif,20880,19982.0,0.96,28.5,133.55,873.0
rice,visakhapatanam,2014,kharif,98190,159755.0,1.63,28.5,133.55,873.0
turmeric,visakhapatanam,2014,kharif,2940,8270.0,2.81,28.5,133.55,873.0
turmeric,visakhapatanam,2014,kharif,47,338.0,7.19,28.5,133.55,873.0
gram,visakhapatanam,2014,rabi,87,168.0,1.93,28.5,133.55,873.0
moong(green_gram),visakhapatanam,2014,rabi,3670,3009.0,0.82,28.5,133.55,873.0
sunflower,visakhapatanam,2014,rabi,186,179.0,0.96,28.5,133.55,873.0
bajra,vizianagaram,2014,kharif,132,95.0,0.72,29.5,266.6866133333333,929.8805333333333
cotton,vizianagaram,2014,kharif,15698,37286.0,2.38,29.5,266.6866133333333,929.8805333333333
groundnut,vizianagaram,2014,kharif,343,554.0,1.62,29.5,266.6866133333333,929.8805333333333
maize,vizianagaram,2014,kharif,2637,15445.0,5.86,29.5,266.6866133333333,929.8805333333333
ragi,vizianagaram,2014,kharif,1488,1244.0,0.84,29.5,266.6866133333333,929.8805333333333
rice,vizianagaram,2014,kharif,119229,314526.0,2.64,29.5,266.6866133333333,929.8805333333333
turmeric,vizianagaram,2014,kharif,197,1418.0,7.2,29.5,266.6866133333333,929.8805333333333
gram,vizianagaram,2014,rabi,229,442.0,1.93,29.5,266.6866133333333,929.8805333333333
moong(green_gram),vizianagaram,2014,rabi,14272,7850.0,0.55,29.5,266.6866133333333,929.8805333333333
sunflower,vizianagaram,2014,rabi,6,6.0,1.0,29.5,266.6866133333333,929.8805333333333
cotton,west_godavari,2014,kharif,9795,13807.0,1.41,28.5,668.86,673.0
rice,west_godavari,2014,kharif,231475,733313.0,3.17,28.5,668.86,673.0
gram,west_godavari,2014,rabi,44,85.0,1.93,28.5,668.86,673.0
moong(green_gram),west_godavari,2014,rabi,8450,6143.0,0.73,28.5,668.86,673.0
sunflower,west_godavari,2014,rabi,335,323.0,0.96,28.5,668.86,673.0
bajra,anantapur,2015,kharif,3226,3326.0,1.03,30.75,87.91,755.9
cotton,anantapur,2015,kharif,60154,100071.0,1.66,30.75,87.91,755.9
groundnut,anantapur,2015,kharif,444657,319708.0,0.72,30.75,87.91,755.9
groundnut,anantapur,2015,kharif,114394,130867.0,1.14,30.75,87.91,755.9
maize,anantapur,2015,kharif,13743,39662.0,2.89,30.75,87.91,755.9
maize,anantapur,2015,kharif,2271,8019.0,3.53,30.75,87.91,755.9
ragi,anantapur,2015,kharif,1214,2651.0,2.18,30.75,87.91,755.9
rice,anantapur,2015,kharif,20033,61012.0,3.05,30.75,87.91,755.9
turmeric,anantapur,2015,kharif,19,151.0,7.95,30.75,87.91,755.9
castor_seed,anantapur,2015,rabi,118,111.0,0.94,30.75,87.91,755.9
gram,anantapur,2015,rabi,75799,34185.0,0.45,30.75,87.91,755.9
moong(green_gram),anantapur,2015,rabi,756,635.0,0.84,30.75,87.91,755.9
safflower,anantapur,2015,rabi,162,124.0,0.77,30.75,87.91,755.9
sunflower,anantapur,2015,rabi,1989,1172.0,0.59,30.75,87.91,755.9
bajra,chittoor,2015,kharif,2374,6669.0,2.81,26.2,150.14,1086.0
cotton,chittoor,2015,kharif,435,761.0,1.75,26.2,150.14,1086.0
groundnut,chittoor,2015,kharif,57,119.0,2.09,26.2,150.14,1086.0
maize,chittoor,2015,kharif,719,2739.0,3.81,26.2,150.14,1086.0
ragi,chittoor,2015,kharif,5197,5582.0,1.07,26.2,150.14,1086.0
rice,chittoor,2015,kharif,9476,32587.0,3.44,26.2,150.14,1086.0
turmeric,chittoor,2015,kharif,12,95.0,7.92,26.2,150.14,1086.0
gram,chittoor,2015,rabi,2,2.0,1.0,26.2,150.14,1086.0
moong(green_gram),chittoor,2015,rabi,301,253.0,0.84,26.2,150.14,1086.0
sunflower,chittoor,2015,rabi,842,722.0,0.86,26.2,150.14,1086.0
bajra,east_godavari,2015,kharif,65,62.0,0.95,27.5,412.05,1953.6
cotton,east_godavari,2015,kharif,20565,60153.0,2.93,27.5,412.05,1953.6
groundnut,east_godavari,2015,kharif,559,1168.0,2.09,27.5,412.05,1953.6
maize,east_godavari,2015,kharif,689,2625.0,3.81,27.5,412.05,1953.6
ragi,east_godavari,2015,kharif,225,191.0,0.85,27.5,412.05,1953.6
rice,east_godavari,2015,kharif,227836,696471.0,3.06,27.5,412.05,1953.6
turmeric,east_godavari,2015,kharif,164,1108.0,6.76,27.5,412.05,1953.6
gram,east_godavari,2015,rabi,220,408.0,1.85,27.5,412.05,1953.6
moong(green_gram),east_godavari,2015,rabi,18631,6018.0,0.32,27.5,412.05,1953.6
sunflower,east_godavari,2015,rabi,99,107.0,1.08,27.5,412.05,1953.6
bajra,guntur,2015,kharif,1556,3179.0,2.04,30.6,317.23,1460.5
cotton,guntur,2015,kharif,198220,768744.0,3.88,30.6,317.23,1460.5
groundnut,guntur,2015,kharif,28676,36619.0,1.28,30.6,317.23,1460.5
maize,guntur,2015,kharif,190,671.0,3.53,30.6,317.23,1460.5
rice,guntur,2015,kharif,160608,465820.0,2.9,30.6,317.23,1460.5
turmeric,guntur,2015,kharif,5328,34030.0,6.39,30.6,317.23,1460.5
castor_seed,guntur,2015,rabi,288,373.0,1.3,30.6,317.23,1460.5
gram,guntur,2015,rabi,16080,26210.0,1.63,30.6,317.23,1460.5
moong(green_gram),guntur,2015,rabi,43482,46221.0,1.06,30.6,317.23,1460.5
sunflower,guntur,2015,rabi,2,2.0,1.0,30.6,317.23,1460.5
bajra,kadapa,2015,kharif,2340,3749.0,1.6,32.33,189.37,907.4
cotton,kadapa,2015,kharif,32753,46665.0,1.42,32.33,189.37,907.4
groundnut,kadapa,2015,kharif,1050,3583.0,3.41,32.33,189.37,907.4
maize,kadapa,2015,kharif,3457,13956.0,4.04,32.33,189.37,907.4
ragi,kadapa,2015,kharif,7,9.0,1.29,32.33,189.37,907.4
rice,kadapa,2015,kharif,18625,50337.0,2.7,32.33,189.37,907.4
turmeric,kadapa,2015,kharif,3541,19440.0,5.49,32.33,189.37,907.4
castor_seed,kadapa,2015,rabi,2,2.0,1.0,32.33,189.37,907.4
gram,kadapa,2015,rabi,79214,89512.0,1.13,32.33,189.37,907.4
moong(green_gram),kadapa,2015,rabi,10385,8723.0,0.84,32.33,189.37,907.4
safflower,kadapa,2015,rabi,28,22.0,0.79,32.33,189.37,907.4
sunflower,kadapa,2015,rabi,8871,8702.0,0.98,32.33,189.37,907.4
cotton,krishna,2015,kharif,52784,200829.0,3.8,29.41,402.5,1770.8
groundnut,krishna,2015,kharif,73370,66620.0,0.91,29.41,402.5,1770.8
maize,krishna,2015,kharif,18239,73284.0,4.02,29.41,402.5,1770.8
rice,krishna,2015,kharif,210818,707083.0,3.35,29.41,402.5,1770.8
turmeric,krishna,2015,kharif,2071,20878.0,10.08,29.41,402.5,1770.8
castor_seed,krishna,2015,rabi,72,29.0,0.4,29.41,402.5,1770.8
gram,krishna,2015,rabi,1242,2567.0,2.07,29.41,402.5,1770.8
moong(green_gram),krishna,2015,rabi,8779,8402.0,0.96,29.41,402.5,1770.8
sunflower,krishna,2015,rabi,13,14.0,1.08,29.41,402.5,1770.8
bajra,kurnool,2015,kharif,9765,13251.0,1.36,28.33,196.81,824.1
cotton,kurnool,2015,kharif,200123,366412.0,1.83,28.33,196.81,824.1
groundnut,kurnool,2015,kharif,2949,9572.0,3.25,28.33,196.81,824.1
maize,kurnool,2015,kharif,415,2329.0,5.61,28.33,196.81,824.1
rice,kurnool,2015,kharif,46316,145993.0,3.15,28.33,196.81,824.1
turmeric,kurnool,2015,kharif,1654,21786.0,13.17,28.33,196.81,824.1
gram,kurnool,2015,rabi,199242,159194.0,0.8,28.33,196.81,824.1
moong(green_gram),kurnool,2015,rabi,2998,2518.0,0.84,28.33,196.81,824.1
safflower,kurnool,2015,rabi,114,66.0,0.58,28.33,196.81,824.1
sunflower,kurnool,2015,rabi,3066,2066.0,0.67,28.33,196.81,824.1
bajra,prakasam,2015,kharif,10744,24056.0,2.24,27.29,266.6866133333333,929.8805333333333
cotton,prakasam,2015,kharif,58025,163447.0,2.82,27.29,266.6866133333333,929.8805333333333
groundnut,prakasam,2015,kharif,5352,15895.0,2.97,27.29,266.6866133333333,929.8805333333333
maize,prakasam,2015,kharif,78,297.0,3.81,27.29,266.6866133333333,929.8805333333333
ragi,prakasam,2015,kharif,65,55.0,0.85,27.29,266.6866133333333,929.8805333333333
rice,prakasam,2015,kharif,14187,61438.0,4.33,27.29,266.6866133333333,929.8805333333333
turmeric,prakasam,2015,kharif,637,4216.0,6.62,27.29,266.6866133333333,929.8805333333333
castor_seed,prakasam,2015,rabi,1305,711.0,0.54,27.29,266.6866133333333,929.8805333333333
gram,prakasam,2015,rabi,91972,177690.0,1.93,27.29,266.6866133333333,929.8805333333333
moong(green_gram),prakasam,2015,rabi,1790,1314.0,0.73,27.29,266.6866133333333,929.8805333333333
sunflower,prakasam,2015,rabi,3312,3713.0,1.12,27.29,266.6866133333333,929.8805333333333
bajra,spsr_nellore,2015,kharif,371,1350.0,3.64,30.21,270.35,1397.6
cotton,spsr_nellore,2015,kharif,4617,10969.0,2.38,30.21,270.35,1397.6
groundnut,spsr_nellore,2015,kharif,4165,4873.0,1.17,30.21,270.35,1397.6
maize,spsr_nellore,2015,kharif,10570,44013.0,4.16,30.21,270.35,1397.6
ragi,spsr_nellore,2015,kharif,22,19.0,0.86,30.21,270.35,1397.6
rice,spsr_nellore,2015,kharif,30413,110683.0,3.64,30.21,270.35,1397.6
turmeric,spsr_nellore,2015,kharif,115,777.0,6.76,30.21,270.35,1397.6
gram,spsr_nellore,2015,rabi,7108,9553.0,1.34,30.21,270.35,1397.6
moong(green_gram),spsr_nellore,2015,rabi,10335,5374.0,0.52,30.21,270.35,1397.6
sunflower,spsr_nellore,2015,rabi,541,439.0,0.81,30.21,270.35,1397.6
bajra,srikakulam,2015,kharif,176,444.0,2.52,30.75,167.77,1621.7
cotton,srikakulam,2015,kharif,8883,28105.0,3.16,30.75,167.77,1621.7
groundnut,srikakulam,2015,kharif,1472,2053.0,1.39,30.75,167.77,1621.7
maize,srikakulam,2015,kharif,5310,12176.0,2.29,30.75,167.77,1621.7
ragi,srikakulam,2015,kharif,291,373.0,1.28,30.75,167.77,1621.7
rice,srikakulam,2015,kharif,204003,470320.0,2.31,30.75,167.77,1621.7
turmeric,srikakulam,2015,kharif,215,1452.0,6.75,30.75,167.77,1621.7
moong(green_gram),srikakulam,2015,rabi,29610,17233.0,0.58,30.75,167.77,1621.7
sunflower,srikakulam,2015,rabi,684,737.0,1.08,30.75,167.77,1621.7
bajra,visakhapatanam,2015,kharif,2506,2448.0,0.98,28.33,116.41,1793.8
cotton,visakhapatanam,2015,kharif,2123,3609.0,1.7,28.33,116.41,1793.8
groundnut,visakhapatanam,2015,kharif,4428,4614.0,1.04,28.33,116.41,1793.8
maize,visakhapatanam,2015,kharif,16577,62247.0,3.76,28.33,116.41,1793.8
ragi,visakhapatanam,2015,kharif,17955,15082.0,0.84,28.33,116.41,1793.8
rice,visakhapatanam,2015,kharif,103090,219339.0,2.13,28.33,116.41,1793.8
turmeric,visakhapatanam,2015,kharif,2998,15401.0,5.14,28.33,116.41,1793.8
turmeric,visakhapatanam,2015,kharif,31,209.0,6.74,28.33,116.41,1793.8
gram,visakhapatanam,2015,rabi,102,189.0,1.85,28.33,116.41,1793.8
moong(green_gram),visakhapatanam,2015,rabi,3677,1857.0,0.51,28.33,116.41,1793.8
sunflower,visakhapatanam,2015,rabi,132,142.0,1.08,28.33,116.41,1793.8
bajra,vizianagaram,2015,kharif,196,356.0,1.82,29.06,266.6866133333333,929.8805333333333
cotton,vizianagaram,2015,kharif,15597,33141.0,2.12,29.06,266.6866133333333,929.8805333333333
groundnut,vizianagaram,2015,kharif,1001,2092.0,2.09,29.06,266.6866133333333,929.8805333333333
maize,vizianagaram,2015,kharif,2759,14187.0,5.14,29.06,266.6866133333333,929.8805333333333
ragi,vizianagaram,2015,kharif,1627,1440.0,0.89,29.06,266.6866133333333,929.8805333333333
rice,vizianagaram,2015,kharif,124275,366590.0,2.95,29.06,266.6866133333333,929.8805333333333
turmeric,vizianagaram,2015,kharif,210,1418.0,6.75,29.06,266.6866133333333,929.8805333333333
gram,vizianagaram,2015,rabi,123,228.0,1.85,29.06,266.6866133333333,929.8805333333333
moong(green_gram),vizianagaram,2015,rabi,18257,10151.0,0.56,29.06,266.6866133333333,929.8805333333333
cotton,west_godavari,2015,kharif,8392,27715.0,3.3,28.41,554.22,1733.4
rice,west_godavari,2015,kharif,229204,727885.0,3.18,28.41,554.22,1733.4
gram,west_godavari,2015,rabi,25,46.0,1.84,28.41,554.22,1733.4
moong(green_gram),west_godavari,2015,rabi,10539,10023.0,0.95,28.41,554.22,1733.4
sunflower,west_godavari,2015,rabi,174,188.0,1.08,28.41,554.22,1733.4
bajra,anantapur,2016,kharif,2467,1258.0,0.51,32.0,76.42,482.0
cotton,anantapur,2016,kharif,31691,25977.0,0.82,32.0,76.42,482.0
groundnut,anantapur,2016,kharif,608162,140485.0,0.23,32.0,76.42,482.0
groundnut,anantapur,2016,kharif,133124,71887.0,0.54,32.0,76.42,482.0
maize,anantapur,2016,kharif,14131,29152.0,2.06,32.0,76.42,482.0
maize,anantapur,2016,kharif,1144,3808.0,3.33,32.0,76.42,482.0
ragi,anantapur,2016,kharif,1108,2345.0,2.12,32.0,76.42,482.0
rice,anantapur,2016,kharif,17983,44138.0,2.45,32.0,76.42,482.0
castor_seed,anantapur,2016,rabi,35,11.0,0.31,32.0,76.42,482.0
gram,anantapur,2016,rabi,22874,5924.0,0.26,32.0,76.42,482.0
moong(green_gram),anantapur,2016,rabi,30,12.0,0.4,32.0,76.42,482.0
safflower,anantapur,2016,rabi,32,8.0,0.25,32.0,76.42,482.0
sunflower,anantapur,2016,rabi,1214,853.0,0.7,32.0,76.42,482.0
bajra,chittoor,2016,kharif,2242,6188.0,2.76,27.64,128.61,952.5
cotton,chittoor,2016,kharif,517,1311.0,2.54,27.64,128.61,952.5
groundnut,chittoor,2016,kharif,45,101.0,2.24,27.64,128.61,952.5
maize,chittoor,2016,kharif,643,2614.0,4.07,27.64,128.61,952.5
ragi,chittoor,2016,kharif,4333,1738.0,0.4,27.64,128.61,952.5
rice,chittoor,2016,kharif,22905,78527.0,3.43,27.64,128.61,952.5
turmeric,chittoor,2016,kharif,13,52.0,4.0,27.64,128.61,952.5
gram,chittoor,2016,rabi,4,3.0,0.75,27.64,128.61,952.5
moong(green_gram),chittoor,2016,rabi,515,212.0,0.41,27.64,128.61,952.5
sunflower,chittoor,2016,rabi,773,995.0,1.29,27.64,128.61,952.5
bajra,east_godavari,2016,kharif,78,86.0,1.1,28.83,406.28,845.0
cotton,east_godavari,2016,kharif,12743,33744.0,2.65,28.83,406.28,845.0
groundnut,east_godavari,2016,kharif,698,1572.0,2.25,28.83,406.28,845.0
maize,east_godavari,2016,kharif,411,1671.0,4.07,28.83,406.28,845.0
ragi,east_godavari,2016,kharif,252,253.0,1.0,28.83,406.28,845.0
rice,east_godavari,2016,kharif,220489,737644.0,3.35,28.83,406.28,845.0
turmeric,east_godavari,2016,kharif,216,912.0,4.22,28.83,406.28,845.0
gram,east_godavari,2016,rabi,1503,2262.0,1.5,28.83,406.28,845.0
moong(green_gram),east_godavari,2016,rabi,19259,11767.0,0.61,28.83,406.28,845.0
sunflower,east_godavari,2016,rabi,103,79.0,0.77,28.83,406.28,845.0
bajra,guntur,2016,kharif,2219,1267.0,0.57,30.93,352.35,610.9
cotton,guntur,2016,kharif,141856,654201.0,4.61,30.93,352.35,610.9
groundnut,guntur,2016,kharif,52015,19558.0,0.38,30.93,352.35,610.9
maize,guntur,2016,kharif,405,1714.0,4.23,30.93,352.35,610.9
rice,guntur,2016,kharif,163747,685336.0,4.19,30.93,352.35,610.9
turmeric,guntur,2016,kharif,5582,25521.0,4.57,30.93,352.35,610.9
castor_seed,guntur,2016,rabi,20,11.0,0.55,30.93,352.35,610.9
gram,guntur,2016,rabi,21997,43158.0,1.96,30.93,352.35,610.9
moong(green_gram),guntur,2016,rabi,12155,7317.0,0.6,30.93,352.35,610.9
bajra,kadapa,2016,kharif,3610,4220.0,1.17,33.8,217.7,658.7
cotton,kadapa,2016,kharif,18840,17430.0,0.93,33.8,217.7,658.7
groundnut,kadapa,2016,kharif,926,4085.0,4.41,33.8,217.7,658.7
maize,kadapa,2016,kharif,4545,19716.0,4.34,33.8,217.7,658.7
ragi,kadapa,2016,kharif,19,14.0,0.74,33.8,217.7,658.7
rice,kadapa,2016,kharif,44388,146747.0,3.31,33.8,217.7,658.7
turmeric,kadapa,2016,kharif,4918,16249.0,3.3,33.8,217.7,658.7
castor_seed,kadapa,2016,rabi,9,6.0,0.67,33.8,217.7,658.7
gram,kadapa,2016,rabi,82032,33059.0,0.4,33.8,217.7,658.7
moong(green_gram),kadapa,2016,rabi,1569,645.0,0.41,33.8,217.7,658.7
safflower,kadapa,2016,rabi,10,10.0,1.0,33.8,217.7,658.7
sunflower,kadapa,2016,rabi,7185,10181.0,1.42,33.8,217.7,658.7
cotton,krishna,2016,kharif,37312,159453.0,4.27,29.82,544.55,876.5
groundnut,krishna,2016,kharif,113447,99153.0,0.87,29.82,544.55,876.5
maize,krishna,2016,kharif,27874,149600.0,5.37,29.82,544.55,876.5
rice,krishna,2016,kharif,215895,833499.0,3.86,29.82,544.55,876.5
turmeric,krishna,2016,kharif,2318,13931.0,6.01,29.82,544.55,876.5
castor_seed,krishna,2016,rabi,50,27.0,0.54,29.82,544.55,876.5
gram,krishna,2016,rabi,1771,3227.0,1.82,29.82,544.55,876.5
moong(green_gram),krishna,2016,rabi,4101,1542.0,0.38,29.82,544.55,876.5
sunflower,krishna,2016,rabi,5,4.0,0.8,29.82,544.55,876.5
bajra,kurnool,2016,kharif,8413,14479.0,1.72,28.65,254.64,500.4
cotton,kurnool,2016,kharif,176195,531777.0,3.02,28.65,254.64,500.4
groundnut,kurnool,2016,kharif,3771,10069.0,2.67,28.65,254.64,500.4
maize,kurnool,2016,kharif,726,2189.0,3.02,28.65,254.64,500.4
rice,kurnool,2016,kharif,79264,322068.0,4.06,28.65,254.64,500.4
turmeric,kurnool,2016,kharif,1861,11103.0,5.97,28.65,254.64,500.4
gram,kurnool,2016,rabi,170870,159422.0,0.93,28.65,254.64,500.4
moong(green_gram),kurnool,2016,rabi,389,160.0,0.41,28.65,254.64,500.4
safflower,kurnool,2016,rabi,83,61.0,0.73,28.65,254.64,500.4
sunflower,kurnool,2016,rabi,1701,1965.0,1.16,28.65,254.64,500.4
bajra,prakasam,2016,kharif,16399,32568.0,1.99,27.79,266.6866133333333,929.8805333333333
cotton,prakasam,2016,kharif,14105,43441.0,3.08,27.79,266.6866133333333,929.8805333333333
groundnut,prakasam,2016,kharif,12184,31971.0,2.62,27.79,266.6866133333333,929.8805333333333
maize,prakasam,2016,kharif,102,415.0,4.07,27.79,266.6866133333333,929.8805333333333
ragi,prakasam,2016,kharif,3,3.0,1.0,27.79,266.6866133333333,929.8805333333333
rice,prakasam,2016,kharif,19297,64177.0,3.33,27.79,266.6866133333333,929.8805333333333
turmeric,prakasam,2016,kharif,399,1236.0,3.1,27.79,266.6866133333333,929.8805333333333
castor_seed,prakasam,2016,rabi,413,219.0,0.53,27.79,266.6866133333333,929.8805333333333
gram,prakasam,2016,rabi,82605,123081.0,1.49,27.79,266.6866133333333,929.8805333333333
moong(green_gram),prakasam,2016,rabi,440,165.0,0.38,27.79,266.6866133333333,929.8805333333333
sunflower,prakasam,2016,rabi,536,455.0,0.85,27.79,266.6866133333333,929.8805333333333
bajra,spsr_nellore,2016,kharif,1388,5186.0,3.74,31.75,298.23,1087.0
cotton,spsr_nellore,2016,kharif,2124,5169.0,2.43,31.75,298.23,1087.0
groundnut,spsr_nellore,2016,kharif,2791,3366.0,1.21,31.75,298.23,1087.0
maize,spsr_nellore,2016,kharif,9989,36610.0,3.67,31.75,298.23,1087.0
ragi,spsr_nellore,2016,kharif,101,102.0,1.01,31.75,298.23,1087.0
rice,spsr_nellore,2016,kharif,73827,287991.0,3.9,31.75,298.23,1087.0
turmeric,spsr_nellore,2016,kharif,144,608.0,4.22,31.75,298.23,1087.0
gram,spsr_nellore,2016,rabi,13242,10620.0,0.8,31.75,298.23,1087.0
moong(green_gram),spsr_nellore,2016,rabi,2747,1445.0,0.53,31.75,298.23,1087.0
sunflower,spsr_nellore,2016,rabi,388,252.0,0.65,31.75,298.23,1087.0
bajra,srikakulam,2016,kharif,125,420.0,3.36,30.93,168.19,934.6
cotton,srikakulam,2016,kharif,7155,24143.0,3.37,30.93,168.19,934.6
groundnut,srikakulam,2016,kharif,1737,2328.0,1.34,30.93,168.19,934.6
maize,srikakulam,2016,kharif,5559,11101.0,2.0,30.93,168.19,934.6
ragi,srikakulam,2016,kharif,250,409.0,1.64,30.93,168.19,934.6
rice,srikakulam,2016,kharif,203411,605174.0,2.98,30.93,168.19,934.6
turmeric,srikakulam,2016,kharif,204,861.0,4.22,30.93,168.19,934.6
moong(green_gram),srikakulam,2016,rabi,31966,13969.0,0.44,30.93,168.19,934.6
sunflower,srikakulam,2016,rabi,488,373.0,0.76,30.93,168.19,934.6
bajra,visakhapatanam,2016,kharif,1731,1816.0,1.05,28.8,162.97,932.8
cotton,visakhapatanam,2016,kharif,1652,1950.0,1.18,28.8,162.97,932.8
groundnut,visakhapatanam,2016,kharif,3285,3797.0,1.16,28.8,162.97,932.8
maize,visakhapatanam,2016,kharif,17458,81319.0,4.66,28.8,162.97,932.8
ragi,visakhapatanam,2016,kharif,19248,19267.0,1.0,28.8,162.97,932.8
rice,visakhapatanam,2016,kharif,105460,237203.0,2.25,28.8,162.97,932.8
turmeric,visakhapatanam,2016,kharif,3164,7723.0,2.44,28.8,162.97,932.8
gram,visakhapatanam,2016,rabi,50,75.0,1.5,28.8,162.97,932.8
moong(green_gram),visakhapatanam,2016,rabi,3738,2620.0,0.7,28.8,162.97,932.8
sunflower,visakhapatanam,2016,rabi,115,88.0,0.77,28.8,162.97,932.8
bajra,vizianagaram,2016,kharif,90,110.0,1.22,29.59,266.6866133333333,929.8805333333333
cotton,vizianagaram,2016,kharif,14632,31148.0,2.13,29.59,266.6866133333333,929.8805333333333
groundnut,vizianagaram,2016,kharif,1048,2360.0,2.25,29.59,266.6866133333333,929.8805333333333
maize,vizianagaram,2016,kharif,2514,14855.0,5.91,29.59,266.6866133333333,929.8805333333333
ragi,vizianagaram,2016,kharif,1583,1505.0,0.95,29.59,266.6866133333333,929.8805333333333
rice,vizianagaram,2016,kharif,122205,371142.0,3.04,29.59,266.6866133333333,929.8805333333333
turmeric,vizianagaram,2016,kharif,31,131.0,4.23,29.59,266.6866133333333,929.8805333333333
turmeric,vizianagaram,2016,kharif,318,1343.0,4.22,29.59,266.6866133333333,929.8805333333333
gram,vizianagaram,2016,rabi,130,196.0,1.51,29.59,266.6866133333333,929.8805333333333
moong(green_gram),vizianagaram,2016,rabi,16952,7832.0,0.46,29.59,266.6866133333333,929.8805333333333
sunflower,vizianagaram,2016,rabi,1,1.0,1.0,29.59,266.6866133333333,929.8805333333333
cotton,west_godavari,2016,kharif,4615,14782.0,3.2,28.7,595.16,899.3
ragi,west_godavari,2016,kharif,2,2.0,1.0,28.7,595.16,899.3
rice,west_godavari,2016,kharif,230785,820044.0,3.55,28.7,595.16,899.3
gram,west_godavari,2016,rabi,5,8.0,1.6,28.7,595.16,899.3
moong(green_gram),west_godavari,2016,rabi,8206,1863.0,0.23,28.7,595.16,899.3
sunflower,west_godavari,2016,rabi,93,71.0,0.76,28.7,595.16,899.3
bajra,anantapur,2017,kharif,5261,7034.0,1.34,31.33,87.2,536.0
cotton,anantapur,2017,kharif,45438,128798.0,2.83,31.33,87.2,536.0
groundnut,anantapur,2017,kharif,402435,412093.0,1.02,31.33,87.2,536.0
maize,anantapur,2017,kharif,19044,71720.0,3.77,31.33,87.2,536.0
ragi,anantapur,2017,kharif,1641,3833.0,2.34,31.33,87.2,536.0
rice,anantapur,2017,kharif,12293,30831.0,2.51,31.33,87.2,536.0
castor_seed,anantapur,2017,rabi,42,24.0,0.57,31.33,87.2,536.0
gram,anantapur,2017,rabi,74397,50590.0,0.68,31.33,87.2,536.0
moong(green_gram),anantapur,2017,rabi,37,35.0,0.95,31.33,87.2,536.0
sunflower,anantapur,2017,rabi,507,400.0,0.79,31.33,87.2,536.0
bajra,chittoor,2017,kharif,2104,4810.0,2.29,27.24,151.07,1002.5
cotton,chittoor,2017,kharif,328,877.0,2.67,27.24,151.07,1002.5
groundnut,chittoor,2017,kharif,115048,214449.0,1.86,27.24,151.07,1002.5
maize,chittoor,2017,kharif,1551,8084.0,5.21,27.24,151.07,1002.5
ragi,chittoor,2017,kharif,5904,7433.0,1.26,27.24,151.07,1002.5
rice,chittoor,2017,kharif,15061,53768.0,3.57,27.24,151.07,1002.5
turmeric,chittoor,2017,kharif,402,4824.0,12.0,27.24,151.07,1002.5
moong(green_gram),chittoor,2017,rabi,419,393.0,0.94,27.24,151.07,1002.5
sunflower,chittoor,2017,rabi,625,1086.0,1.74,27.24,151.07,1002.5
bajra,east_godavari,2017,kharif,61,68.0,1.11,29.36,372.2,1445.3
cotton,east_godavari,2017,kharif,16364,35740.0,2.18,29.36,372.2,1445.3
groundnut,east_godavari,2017,kharif,7,18.0,2.57,29.36,372.2,1445.3
maize,east_godavari,2017,kharif,731,3110.0,4.25,29.36,372.2,1445.3
ragi,east_godavari,2017,kharif,295,291.0,0.99,29.36,372.2,1445.3
rice,east_godavari,2017,kharif,225683,771836.0,3.42,29.36,372.2,1445.3
turmeric,east_godavari,2017,kharif,558,6696.0,12.0,29.36,372.2,1445.3
gram,east_godavari,2017,rabi,1813,2594.0,1.43,29.36,372.2,1445.3
moong(green_gram),east_godavari,2017,rabi,16315,9952.0,0.61,29.36,372.2,1445.3
sunflower,east_godavari,2017,rabi,114,107.0,0.94,29.36,372.2,1445.3
bajra,guntur,2017,kharif,1273,1192.0,0.94,29.54,363.87,1012.7
cotton,guntur,2017,kharif,183735,802213.0,4.37,29.54,363.87,1012.7
groundnut,guntur,2017,kharif,584,1465.0,2.51,29.54,363.87,1012.7
maize,guntur,2017,kharif,741,3153.0,4.26,29.54,363.87,1012.7
rice,guntur,2017,kharif,183828,766563.0,4.17,29.54,363.87,1012.7
turmeric,guntur,2017,kharif,5422,65064.0,12.0,29.54,363.87,1012.7
castor_seed,guntur,2017,rabi,217,420.0,1.94,29.54,363.87,1012.7
gram,guntur,2017,rabi,32007,60845.0,1.9,29.54,363.87,1012.7
moong(green_gram),guntur,2017,rabi,22378,23967.0,1.07,29.54,363.87,1012.7
bajra,kadapa,2017,kharif,5842,12181.0,2.09,33.26,197.58,558.2
cotton,kadapa,2017,kharif,24449,17720.0,0.72,33.26,197.58,558.2
groundnut,kadapa,2017,kharif,25317,39495.0,1.56,33.26,197.58,558.2
maize,kadapa,2017,kharif,918,4585.0,4.99,33.26,197.58,558.2
ragi,kadapa,2017,kharif,16,24.0,1.5,33.26,197.58,558.2
rice,kadapa,2017,kharif,30717,70496.0,2.3,33.26,197.58,558.2
turmeric,kadapa,2017,kharif,6512,78144.0,12.0,33.26,197.58,558.2
castor_seed,kadapa,2017,rabi,3,2.0,0.67,33.26,197.58,558.2
gram,kadapa,2017,rabi,97135,68966.0,0.71,33.26,197.58,558.2
moong(green_gram),kadapa,2017,rabi,213,200.0,0.94,33.26,197.58,558.2
sunflower,kadapa,2017,rabi,2947,6118.0,2.08,33.26,197.58,558.2
cotton,krishna,2017,kharif,48357,195830.0,4.05,30.35,440.18,1509.6
groundnut,krishna,2017,kharif,1148,3123.0,2.72,30.35,440.18,1509.6
maize,krishna,2017,kharif,5288,26789.0,5.07,30.35,440.18,1509.6
rice,krishna,2017,kharif,235984,930721.0,3.94,30.35,440.18,1509.6
turmeric,krishna,2017,kharif,2999,35988.0,12.0,30.35,440.18,1509.6
gram,krishna,2017,rabi,2287,4334.0,1.9,30.35,440.18,1509.6
moong(green_gram),krishna,2017,rabi,3283,2196.0,0.67,30.35,440.18,1509.6
sunflower,krishna,2017,rabi,4,4.0,1.0,30.35,440.18,1509.6
bajra,kurnool,2017,kharif,7885,15305.0,1.94,29.09,272.93,609.3
cotton,kurnool,2017,kharif,259225,733779.0,2.83,29.09,272.93,609.3
groundnut,kurnool,2017,kharif,85784,121985.0,1.42,29.09,272.93,609.3
maize,kurnool,2017,kharif,39752,221657.0,5.58,29.09,272.93,609.3
rice,kurnool,2017,kharif,59592,206963.0,3.47,29.09,272.93,609.3
turmeric,kurnool,2017,kharif,1685,20220.0,12.0,29.09,272.93,609.3
castor_seed,kurnool,2017,rabi,97,70.0,0.72,29.09,272.93,609.3
gram,kurnool,2017,rabi,194754,249090.0,1.28,29.09,272.93,609.3
moong(green_gram),kurnool,2017,rabi,146,137.0,0.94,29.09,272.93,609.3
safflower,kurnool,2017,rabi,20,13.0,0.65,29.09,272.93,609.3
sunflower,kurnool,2017,rabi,548,433.0,0.79,29.09,272.93,609.3
bajra,prakasam,2017,kharif,17246,35027.0,2.03,28.29,266.6866133333333,929.8805333333333
cotton,prakasam,2017,kharif,35076,84281.0,2.4,28.29,266.6866133333333,929.8805333333333
groundnut,prakasam,2017,kharif,3106,7420.0,2.39,28.29,266.6866133333333,929.8805333333333
maize,prakasam,2017,kharif,1727,7568.0,4.38,28.29,266.6866133333333,929.8805333333333
ragi,prakasam,2017,kharif,31,31.0,1.0,28.29,266.6866133333333,929.8805333333333
rice,prakasam,2017,kharif,27547,107543.0,3.9,28.29,266.6866133333333,929.8805333333333
turmeric,prakasam,2017,kharif,672,8064.0,12.0,28.29,266.6866133333333,929.8805333333333
castor_seed,prakasam,2017,rabi,547,207.0,0.38,28.29,266.6866133333333,929.8805333333333
gram,prakasam,2017,rabi,107733,139407.0,1.29,28.29,266.6866133333333,929.8805333333333
moong(green_gram),prakasam,2017,rabi,190,28.0,0.15,28.29,266.6866133333333,929.8805333333333
sunflower,prakasam,2017,rabi,384,381.0,0.99,28.29,266.6866133333333,929.8805333333333
bajra,spsr_nellore,2017,kharif,1802,4801.0,2.66,31.21,330.24,911.0
cotton,spsr_nellore,2017,kharif,3863,7591.0,1.97,31.21,330.24,911.0
groundnut,spsr_nellore,2017,kharif,8208,27940.0,3.4,31.21,330.24,911.0
maize,spsr_nellore,2017,kharif,82,349.0,4.26,31.21,330.24,911.0
ragi,spsr_nellore,2017,kharif,59,58.0,0.98,31.21,330.24,911.0
rice,spsr_nellore,2017,kharif,21184,81029.0,3.83,31.21,330.24,911.0
turmeric,spsr_nellore,2017,kharif,180,2160.0,12.0,31.21,330.24,911.0
gram,spsr_nellore,2017,rabi,10034,12984.0,1.29,31.21,330.24,911.0
moong(green_gram),spsr_nellore,2017,rabi,1153,583.0,0.51,31.21,330.24,911.0
sunflower,spsr_nellore,2017,rabi,117,89.0,0.76,31.21,330.24,911.0
bajra,srikakulam,2017,kharif,87,291.0,3.34,30.55,174.21,1289.2
cotton,srikakulam,2017,kharif,7478,27390.0,3.66,30.55,174.21,1289.2
groundnut,srikakulam,2017,kharif,1808,1985.0,1.1,30.55,174.21,1289.2
maize,srikakulam,2017,kharif,11430,47412.0,4.15,30.55,174.21,1289.2
ragi,srikakulam,2017,kharif,154,247.0,1.6,30.55,174.21,1289.2
rice,srikakulam,2017,kharif,210682,531129.0,2.52,30.55,174.21,1289.2
turmeric,srikakulam,2017,kharif,253,3036.0,12.0,30.55,174.21,1289.2
moong(green_gram),srikakulam,2017,rabi,37346,18636.0,0.5,30.55,174.21,1289.2
sunflower,srikakulam,2017,rabi,639,600.0,0.94,30.55,174.21,1289.2
bajra,visakhapatanam,2017,kharif,1696,2047.0,1.21,29.28,143.37,1217.9
cotton,visakhapatanam,2017,kharif,1474,2000.0,1.36,29.28,143.37,1217.9
groundnut,visakhapatanam,2017,kharif,1655,2243.0,1.36,29.28,143.37,1217.9
maize,visakhapatanam,2017,kharif,5805,10420.0,1.8,29.28,143.37,1217.9
ragi,visakhapatanam,2017,kharif,16731,16681.0,1.0,29.28,143.37,1217.9
rice,visakhapatanam,2017,kharif,104922,218972.0,2.09,29.28,143.37,1217.9
turmeric,visakhapatanam,2017,kharif,9913,118956.0,12.0,29.28,143.37,1217.9
gram,visakhapatanam,2017,rabi,75,107.0,1.43,29.28,143.37,1217.9
moong(green_gram),visakhapatanam,2017,rabi,3748,1604.0,0.43,29.28,143.37,1217.9
sunflower,visakhapatanam,2017,rabi,98,92.0,0.94,29.28,143.37,1217.9
bajra,vizianagaram,2017,kharif,110,160.0,1.45,30.04,266.6866133333333,929.8805333333333
cotton,vizianagaram,2017,kharif,13630,33550.0,2.46,30.04,266.6866133333333,929.8805333333333
groundnut,vizianagaram,2017,kharif,2046,2371.0,1.16,30.04,266.6866133333333,929.8805333333333
maize,vizianagaram,2017,kharif,18027,86061.0,4.77,30.04,266.6866133333333,929.8805333333333
ragi,vizianagaram,2017,kharif,1809,1530.0,0.85,30.04,266.6866133333333,929.8805333333333
rice,vizianagaram,2017,kharif,122675,364590.0,2.97,30.04,266.6866133333333,929.8805333333333
gram,vizianagaram,2017,rabi,112,160.0,1.43,30.04,266.6866133333333,929.8805333333333
moong(green_gram),vizianagaram,2017,rabi,16143,9750.0,0.6,30.04,266.6866133333333,929.8805333333333
cotton,west_godavari,2017,kharif,4525,13985.0,3.09,29.17,540.14,1611.9
groundnut,west_godavari,2017,kharif,784,1967.0,2.51,29.17,540.14,1611.9
maize,west_godavari,2017,kharif,2180,10893.0,5.0,29.17,540.14,1611.9
rice,west_godavari,2017,kharif,226760,807492.0,3.56,29.17,540.14,1611.9
turmeric,west_godavari,2017,kharif,325,3900.0,12.0,29.17,540.14,1611.9
gram,west_godavari,2017,rabi,33,47.0,1.42,29.17,540.14,1611.9
moong(green_gram),west_godavari,2017,rabi,19940,13938.0,0.7,29.17,540.14,1611.9
sunflower,west_godavari,2017,rabi,118,111.0,0.94,29.17,540.14,1611.9
bajra,anantapur,2018,kharif,2979,3447.0,1.16,32.75,100.93,501.7
cotton,anantapur,2018,kharif,47976,66591.0,1.39,32.75,100.93,501.7
groundnut,anantapur,2018,kharif,474392,150857.0,0.32,32.75,100.93,501.7
maize,anantapur,2018,kharif,14627,41497.0,2.84,32.75,100.93,501.7
ragi,anantapur,2018,kharif,1055,2095.0,1.99,32.75,100.93,501.7
rice,anantapur,2018,kharif,21938,58673.0,2.67,32.75,100.93,501.7
turmeric,anantapur,2018,kharif,5,65362.79082774049,3.560212527964206,32.75,100.93,501.7
castor_seed,anantapur,2018,rabi,79,41.0,0.52,32.75,100.93,501.7
gram,anantapur,2018,rabi,78340,19428.0,0.25,32.75,100.93,501.7
moong(green_gram),anantapur,2018,rabi,1472,923.0,0.63,32.75,100.93,501.7
safflower,anantapur,2018,rabi,51,8.0,0.16,32.75,100.93,501.7
sunflower,anantapur,2018,rabi,1138,816.0,0.72,32.75,100.93,501.7
bajra,chittoor,2018,kharif,1830,3958.0,2.16,27.79,181.64,856.0
cotton,chittoor,2018,kharif,177,218.0,1.23,27.79,181.64,856.0
groundnut,chittoor,2018,kharif,99275,89645.0,0.9,27.79,181.64,856.0
maize,chittoor,2018,kharif,1307,1149.0,0.88,27.79,181.64,856.0
ragi,chittoor,2018,kharif,4620,7503.0,1.62,27.79,181.64,856.0
rice,chittoor,2018,kharif,17422,64122.0,3.68,27.79,181.64,856.0
turmeric,chittoor,2018,kharif,5,4824.0,964.8,27.79,181.64,856.0
moong(green_gram),chittoor,2018,rabi,294,184.0,0.63,27.79,181.64,856.0
sunflower,chittoor,2018,rabi,649,541.0,0.83,27.79,181.64,856.0
bajra,east_godavari,2018,kharif,90,93.0,1.03,29.75,370.26,1120.2
cotton,east_godavari,2018,kharif,11933,31637.0,2.65,29.75,370.26,1120.2
maize,east_godavari,2018,kharif,769,3287.0,4.27,29.75,370.26,1120.2
ragi,east_godavari,2018,kharif,267,290.0,1.09,29.75,370.26,1120.2
rice,east_godavari,2018,kharif,222214,830017.0,3.74,29.75,370.26,1120.2
turmeric,east_godavari,2018,kharif,209,3888.0,18.6,29.75,370.26,1120.2
gram,east_godavari,2018,rabi,2383,2569.0,1.08,29.75,370.26,1120.2
moong(green_gram),east_godavari,2018,rabi,11538,7800.0,0.68,29.75,370.26,1120.2
sunflower,east_godavari,2018,rabi,187,58.0,0.31,29.75,370.26,1120.2
bajra,guntur,2018,kharif,67,95.0,1.42,30.82,351.11,1161.5
cotton,guntur,2018,kharif,176679,743399.0,4.21,30.82,351.11,1161.5
groundnut,guntur,2018,kharif,597,1732.0,2.9,30.82,351.11,1161.5
maize,guntur,2018,kharif,455,1945.0,4.27,30.82,351.11,1161.5
rice,guntur,2018,kharif,216433,857796.0,3.96,30.82,351.11,1161.5
turmeric,guntur,2018,kharif,5059,61020.0,12.06,30.82,351.11,1161.5
castor_seed,guntur,2018,rabi,175,94.0,0.54,30.82,351.11,1161.5
gram,guntur,2018,rabi,24815,51466.0,2.07,30.82,351.11,1161.5
moong(green_gram),guntur,2018,rabi,30510,33073.0,1.08,30.82,351.11,1161.5
sunflower,guntur,2018,rabi,59,18.0,0.31,30.82,351.11,1161.5
bajra,kadapa,2018,kharif,845,1208.0,1.43,33.64,223.18,689.2
cotton,kadapa,2018,kharif,10940,22268.0,2.04,33.64,223.18,689.2
groundnut,kadapa,2018,kharif,8627,4443.0,0.52,33.64,223.18,689.2
maize,kadapa,2018,kharif,665,2673.0,4.02,33.64,223.18,689.2
ragi,kadapa,2018,kharif,10,17.0,1.7,33.64,223.18,689.2
rice,kadapa,2018,kharif,39041,126779.0,3.25,33.64,223.18,689.2
turmeric,kadapa,2018,kharif,4109,58164.0,14.16,33.64,223.18,689.2
castor_seed,kadapa,2018,rabi,75,37.0,0.49,33.64,223.18,689.2
gram,kadapa,2018,rabi,101525,25483.0,0.25,33.64,223.18,689.2
moong(green_gram),kadapa,2018,rabi,1954,1225.0,0.63,33.64,223.18,689.2
safflower,kadapa,2018,rabi,230,37.0,0.16,33.64,223.18,689.2
sunflower,kadapa,2018,rabi,5219,4728.0,0.91,33.64,223.18,689.2
cotton,krishna,2018,kharif,47109,174431.0,3.7,30.77,360.46,1317.3
groundnut,krishna,2018,kharif,1029,4183.0,4.07,30.77,360.46,1317.3
maize,krishna,2018,kharif,4063,14261.0,3.51,30.77,360.46,1317.3
rice,krishna,2018,kharif,245815,1022427.0,4.16,30.77,360.46,1317.3
turmeric,krishna,2018,kharif,2281,36156.0,15.85,30.77,360.46,1317.3
gram,krishna,2018,rabi,2851,6899.0,2.42,30.77,360.46,1317.3
moong(green_gram),krishna,2018,rabi,3888,3900.0,1.0,30.77,360.46,1317.3
sunflower,krishna,2018,rabi,29,9.0,0.31,30.77,360.46,1317.3
bajra,kurnool,2018,kharif,6612,4827.0,0.73,28.7,258.75,703.4
cotton,kurnool,2018,kharif,259498,304183.0,1.17,28.7,258.75,703.4
groundnut,kurnool,2018,kharif,89187,42542.0,0.48,28.7,258.75,703.4
maize,kurnool,2018,kharif,40845,185559.0,4.54,28.7,258.75,703.4
rice,kurnool,2018,kharif,88858,346199.0,3.9,28.7,258.75,703.4
turmeric,kurnool,2018,kharif,1723,30480.0,17.69,28.7,258.75,703.4
castor_seed,kurnool,2018,rabi,370,138.0,0.37,28.7,258.75,703.4
gram,kurnool,2018,rabi,147343,35215.0,0.24,28.7,258.75,703.4
moong(green_gram),kurnool,2018,rabi,430,270.0,0.63,28.7,258.75,703.4
safflower,kurnool,2018,rabi,71,11.0,0.15,28.7,258.75,703.4
sunflower,kurnool,2018,rabi,1093,669.0,0.61,28.7,258.75,703.4
bajra,prakasam,2018,kharif,6607,5272.0,0.8,27.75,266.6866133333333,929.8805333333333
cotton,prakasam,2018,kharif,38467,77234.0,2.01,27.75,266.6866133333333,929.8805333333333
groundnut,prakasam,2018,kharif,1105,4239.0,3.84,27.75,266.6866133333333,929.8805333333333
maize,prakasam,2018,kharif,1290,2327.0,1.8,27.75,266.6866133333333,929.8805333333333
ragi,prakasam,2018,kharif,29,31.0,1.07,27.75,266.6866133333333,929.8805333333333
rice,prakasam,2018,kharif,27778,102036.0,3.67,27.75,266.6866133333333,929.8805333333333
turmeric,prakasam,2018,kharif,726,8700.0,11.98,27.75,266.6866133333333,929.8805333333333
castor_seed,prakasam,2018,rabi,1132,325.0,0.29,27.75,266.6866133333333,929.8805333333333
gram,prakasam,2018,rabi,109283,91033.0,0.83,27.75,266.6866133333333,929.8805333333333
moong(green_gram),prakasam,2018,rabi,647,232.0,0.36,27.75,266.6866133333333,929.8805333333333
sunflower,prakasam,2018,rabi,618,120.0,0.19,27.75,266.6866133333333,929.8805333333333
bajra,spsr_nellore,2018,kharif,219,364.0,1.66,32.83,312.66,871.8
cotton,spsr_nellore,2018,kharif,791,2097.0,2.65,32.83,312.66,871.8
groundnut,spsr_nellore,2018,kharif,6463,26039.0,4.03,32.83,312.66,871.8
maize,spsr_nellore,2018,kharif,254,1086.0,4.28,32.83,312.66,871.8
ragi,spsr_nellore,2018,kharif,110,119.0,1.08,32.83,312.66,871.8
rice,spsr_nellore,2018,kharif,26638,94011.0,3.53,32.83,312.66,871.8
turmeric,spsr_nellore,2018,kharif,106,2160.0,20.38,32.83,312.66,871.8
castor_seed,spsr_nellore,2018,rabi,8,2.0,0.25,32.83,312.66,871.8
gram,spsr_nellore,2018,rabi,11040,10256.0,0.93,32.83,312.66,871.8
moong(green_gram),spsr_nellore,2018,rabi,2359,1892.0,0.8,32.83,312.66,871.8
sunflower,spsr_nellore,2018,rabi,238,143.0,0.6,32.83,312.66,871.8
bajra,srikakulam,2018,kharif,84,140.0,1.67,30.78,187.29,1421.9
cotton,srikakulam,2018,kharif,5488,16246.0,2.96,30.78,187.29,1421.9
groundnut,srikakulam,2018,kharif,2041,2241.0,1.1,30.78,187.29,1421.9
maize,srikakulam,2018,kharif,14747,67394.0,4.57,30.78,187.29,1421.9
ragi,srikakulam,2018,kharif,253,322.0,1.27,30.78,187.29,1421.9
rice,srikakulam,2018,kharif,209426,431177.0,2.06,30.78,187.29,1421.9
turmeric,srikakulam,2018,kharif,204,3108.0,15.24,30.78,187.29,1421.9
moong(green_gram),srikakulam,2018,rabi,30361,15545.0,0.51,30.78,187.29,1421.9
sunflower,srikakulam,2018,rabi,639,197.0,0.31,30.78,187.29,1421.9
bajra,visakhapatanam,2018,kharif,1517,1716.0,1.13,29.65,140.21,1082.5
cotton,visakhapatanam,2018,kharif,1092,1632.0,1.49,29.65,140.21,1082.5
groundnut,visakhapatanam,2018,kharif,1726,2608.0,1.51,29.65,140.21,1082.5
maize,visakhapatanam,2018,kharif,5814,16227.0,2.79,29.65,140.21,1082.5
ragi,visakhapatanam,2018,kharif,16623,18235.0,1.1,29.65,140.21,1082.5
rice,visakhapatanam,2018,kharif,99900,168397.0,1.69,29.65,140.21,1082.5
turmeric,visakhapatanam,2018,kharif,5628,104556.0,18.58,29.65,140.21,1082.5
gram,visakhapatanam,2018,rabi,178,192.0,1.08,29.65,140.21,1082.5
moong(green_gram),visakhapatanam,2018,rabi,1803,678.0,0.38,29.65,140.21,1082.5
safflower,visakhapatanam,2018,rabi,28,4.0,0.14,29.65,140.21,1082.5
sunflower,visakhapatanam,2018,rabi,73,22.0,0.3,29.65,140.21,1082.5
bajra,vizianagaram,2018,kharif,82,92.0,1.12,30.82,266.6866133333333,929.8805333333333
cotton,vizianagaram,2018,kharif,11485,26016.0,2.27,30.82,266.6866133333333,929.8805333333333
groundnut,vizianagaram,2018,kharif,1825,1851.0,1.01,30.82,266.6866133333333,929.8805333333333
maize,vizianagaram,2018,kharif,18264,86663.0,4.75,30.82,266.6866133333333,929.8805333333333
ragi,vizianagaram,2018,kharif,1026,855.0,0.83,30.82,266.6866133333333,929.8805333333333
rice,vizianagaram,2018,kharif,121499,284061.0,2.34,30.82,266.6866133333333,929.8805333333333
turmeric,vizianagaram,2018,kharif,58,480.0,8.28,30.82,266.6866133333333,929.8805333333333
gram,vizianagaram,2018,rabi,57,61.0,1.07,30.82,266.6866133333333,929.8805333333333
moong(green_gram),vizianagaram,2018,rabi,7974,3732.0,0.47,30.82,266.6866133333333,929.8805333333333
sunflower,vizianagaram,2018,rabi,11,3.0,0.27,30.82,266.6866133333333,929.8805333333333
cotton,west_godavari,2018,kharif,5235,16989.0,3.25,29.53,555.28,1006.1
groundnut,west_godavari,2018,kharif,872,2530.0,2.9,29.53,555.28,1006.1
maize,west_godavari,2018,kharif,1270,7372.0,5.8,29.53,555.28,1006.1
rice,west_godavari,2018,kharif,226925,857555.0,3.78,29.53,555.28,1006.1
turmeric,west_godavari,2018,kharif,259,2628.0,10.15,29.53,555.28,1006.1
gram,west_godavari,2018,rabi,36,39.0,1.08,29.53,555.28,1006.1
moong(green_gram),west_godavari,2018,rabi,9851,10048.0,1.02,29.53,555.28,1006.1
sunflower,west_godavari,2018,rabi,128,39.0,0.3,29.53,555.28,1006.1
bajra,anantapur,2019,kharif,2241,3431.0,1.53,32.65,88.64,437.8
cotton,anantapur,2019,kharif,51850,15523.0,0.3,32.65,88.64,437.8
groundnut,anantapur,2019,kharif,371029,277530.0,0.75,32.65,88.64,437.8
maize,anantapur,2019,kharif,14089,39365.0,2.79,32.65,88.64,437.8
ragi,anantapur,2019,kharif,1337,2491.0,1.86,32.65,88.64,437.8
rice,anantapur,2019,kharif,18209,65726.0,3.61,32.65,88.64,437.8
castor_seed,anantapur,2019,rabi,70,30.0,0.43,32.65,88.64,437.8
gram,anantapur,2019,rabi,92409,70878.0,0.77,32.65,88.64,437.8
moong(green_gram),anantapur,2019,rabi,130,127.0,0.98,32.65,88.64,437.8
safflower,anantapur,2019,rabi,499,245.0,0.49,32.65,88.64,437.8
sunflower,anantapur,2019,rabi,1027,645.0,0.63,32.65,88.64,437.8
bajra,chittoor,2019,kharif,2085,7717.0,3.7,28.78,168.41,600.4
cotton,chittoor,2019,kharif,157,82.0,0.52,28.78,168.41,600.4
groundnut,chittoor,2019,kharif,95746,165832.0,1.73,28.78,168.41,600.4
maize,chittoor,2019,kharif,2655,6977.0,2.63,28.78,168.41,600.4
ragi,chittoor,2019,kharif,5066,7847.0,1.55,28.78,168.41,600.4
rice,chittoor,2019,kharif,10664,42981.0,4.03,28.78,168.41,600.4
turmeric,chittoor,2019,kharif,402,4824.0,12.0,28.78,168.41,600.4
moong(green_gram),chittoor,2019,rabi,204,199.0,0.98,28.78,168.41,600.4
sunflower,chittoor,2019,rabi,446,450.0,1.01,28.78,168.41,600.4
bajra,east_godavari,2019,kharif,5,6.0,1.2,29.75,409.3,635.7
cotton,east_godavari,2019,kharif,12896,6617.0,0.51,29.75,409.3,635.7
groundnut,east_godavari,2019,kharif,9,27.0,3.0,29.75,409.3,635.7
maize,east_godavari,2019,kharif,728,3593.0,4.94,29.75,409.3,635.7
ragi,east_godavari,2019,kharif,139,119.0,0.86,29.75,409.3,635.7
rice,east_godavari,2019,kharif,221042,744209.0,3.37,29.75,409.3,635.7
turmeric,east_godavari,2019,kharif,324,3888.0,12.0,29.75,409.3,635.7
gram,east_godavari,2019,rabi,1964,3364.0,1.71,29.75,409.3,635.7
moong(green_gram),east_godavari,2019,rabi,8914,6686.0,0.75,29.75,409.3,635.7
sunflower,east_godavari,2019,rabi,180,186.0,1.03,29.75,409.3,635.7
bajra,guntur,2019,kharif,18,36.0,2.0,30.93,397.24,681.4
cotton,guntur,2019,kharif,182408,167541.0,0.92,30.93,397.24,681.4
groundnut,guntur,2019,kharif,390,1190.0,3.05,30.93,397.24,681.4
maize,guntur,2019,kharif,674,3326.0,4.93,30.93,397.24,681.4
rice,guntur,2019,kharif,220272,877858.0,3.99,30.93,397.24,681.4
turmeric,guntur,2019,kharif,4806,57672.0,12.0,30.93,397.24,681.4
castor_seed,guntur,2019,rabi,67,50.0,0.75,30.93,397.24,681.4
gram,guntur,2019,rabi,16735,28182.0,1.68,30.93,397.24,681.4
moong(green_gram),guntur,2019,rabi,21775,29222.0,1.34,30.93,397.24,681.4
sunflower,guntur,2019,rabi,9,9.0,1.0,30.93,397.24,681.4
bajra,kadapa,2019,kharif,1081,2733.0,2.53,33.65,233.35,432.6
cotton,kadapa,2019,kharif,13410,9576.0,0.71,33.65,233.35,432.6
groundnut,kadapa,2019,kharif,8332,13156.0,1.58,33.65,233.35,432.6
maize,kadapa,2019,kharif,219,985.0,4.5,33.65,233.35,432.6
rice,kadapa,2019,kharif,32647,99769.0,3.06,33.65,233.35,432.6
turmeric,kadapa,2019,kharif,5703,68436.0,12.0,33.65,233.35,432.6
castor_seed,kadapa,2019,rabi,65,51.0,0.78,33.65,233.35,432.6
gram,kadapa,2019,rabi,90675,115883.0,1.28,33.65,233.35,432.6
moong(green_gram),kadapa,2019,rabi,2836,2768.0,0.98,33.65,233.35,432.6
safflower,kadapa,2019,rabi,117,57.0,0.49,33.65,233.35,432.6
sunflower,kadapa,2019,rabi,4012,4429.0,1.1,33.65,233.35,432.6
cotton,krishna,2019,kharif,48423,37671.0,0.78,30.93,336.84,622.9
groundnut,krishna,2019,kharif,870,3611.0,4.15,30.93,336.84,622.9
maize,krishna,2019,kharif,3981,21028.0,5.28,30.93,336.84,622.9
rice,krishna,2019,kharif,243863,945538.0,3.88,30.93,336.84,622.9
turmeric,krishna,2019,kharif,2845,34140.0,12.0,30.93,336.84,622.9
gram,krishna,2019,rabi,3805,8314.0,2.19,30.93,336.84,622.9
moong(green_gram),krishna,2019,rabi,3970,4200.0,1.06,30.93,336.84,622.9
sunflower,krishna,2019,rabi,15,15.0,1.0,30.93,336.84,622.9
bajra,kurnool,2019,kharif,6529,14886.0,2.28,28.75,284.85,628.9
cotton,kurnool,2019,kharif,274620,153618.0,0.56,28.75,284.85,628.9
groundnut,kurnool,2019,kharif,79542,125040.0,1.57,28.75,284.85,628.9
maize,kurnool,2019,kharif,30737,167271.0,5.44,28.75,284.85,628.9
rice,kurnool,2019,kharif,82759,329605.0,3.98,28.75,284.85,628.9
turmeric,kurnool,2019,kharif,3234,38808.0,12.0,28.75,284.85,628.9
castor_seed,kurnool,2019,rabi,183,177.0,0.97,28.75,284.85,628.9
gram,kurnool,2019,rabi,155952,198527.0,1.27,28.75,284.85,628.9
moong(green_gram),kurnool,2019,rabi,798,779.0,0.98,28.75,284.85,628.9
safflower,kurnool,2019,rabi,87,43.0,0.49,28.75,284.85,628.9
sunflower,kurnool,2019,rabi,259,272.0,1.05,28.75,284.85,628.9
bajra,prakasam,2019,kharif,7178,16495.0,2.3,27.86,266.6866133333333,929.8805333333333
cotton,prakasam,2019,kharif,45376,22296.0,0.49,27.86,266.6866133333333,929.8805333333333
groundnut,prakasam,2019,kharif,1605,5117.0,3.19,27.86,266.6866133333333,929.8805333333333
maize,prakasam,2019,kharif,1068,7434.0,6.96,27.86,266.6866133333333,929.8805333333333
ragi,prakasam,2019,kharif,33,37.0,1.12,27.86,266.6866133333333,929.8805333333333
rice,prakasam,2019,kharif,29872,111711.0,3.74,27.86,266.6866133333333,929.8805333333333
turmeric,prakasam,2019,kharif,502,6024.0,12.0,27.86,266.6866133333333,929.8805333333333
castor_seed,prakasam,2019,rabi,671,329.0,0.49,27.86,266.6866133333333,929.8805333333333
gram,prakasam,2019,rabi,86177,120734.0,1.4,27.86,266.6866133333333,929.8805333333333
moong(green_gram),prakasam,2019,rabi,922,835.0,0.91,27.86,266.6866133333333,929.8805333333333
safflower,prakasam,2019,rabi,7,3.0,0.43,27.86,266.6866133333333,929.8805333333333
sunflower,prakasam,2019,rabi,382,410.0,1.07,27.86,266.6866133333333,929.8805333333333
bajra,spsr_nellore,2019,kharif,173,472.0,2.73,32.75,315.94,705.3
cotton,spsr_nellore,2019,kharif,1012,435.0,0.43,32.75,315.94,705.3
groundnut,spsr_nellore,2019,kharif,5607,23050.0,4.11,32.75,315.94,705.3
maize,spsr_nellore,2019,kharif,49,183.0,3.73,32.75,315.94,705.3
ragi,spsr_nellore,2019,kharif,22,32.0,1.45,32.75,315.94,705.3
rice,spsr_nellore,2019,kharif,16680,64015.0,3.84,32.75,315.94,705.3
turmeric,spsr_nellore,2019,kharif,182,2184.0,12.0,32.75,315.94,705.3
gram,spsr_nellore,2019,rabi,10655,12562.0,1.18,32.75,315.94,705.3
moong(green_gram),spsr_nellore,2019,rabi,4913,3326.0,0.68,32.75,315.94,705.3
sunflower,spsr_nellore,2019,rabi,33,26.0,0.79,32.75,315.94,705.3
bajra,srikakulam,2019,kharif,83,127.0,1.53,30.86,190.1,1274.3
cotton,srikakulam,2019,kharif,5712,3016.0,0.53,30.86,190.1,1274.3
groundnut,srikakulam,2019,kharif,1097,1497.0,1.36,30.86,190.1,1274.3
maize,srikakulam,2019,kharif,15975,73325.0,4.59,30.86,190.1,1274.3
ragi,srikakulam,2019,kharif,206,270.0,1.31,30.86,190.1,1274.3
rice,srikakulam,2019,kharif,209640,594503.0,2.84,30.86,190.1,1274.3
turmeric,srikakulam,2019,kharif,253,3036.0,12.0,30.86,190.1,1274.3
moong(green_gram),srikakulam,2019,rabi,26653,14099.0,0.53,30.86,190.1,1274.3
sunflower,srikakulam,2019,rabi,304,313.0,1.03,30.86,190.1,1274.3
bajra,visakhapatanam,2019,kharif,1057,1101.0,1.04,28.85,131.28,1092.6
cotton,visakhapatanam,2019,kharif,976,396.0,0.41,28.85,131.28,1092.6
groundnut,visakhapatanam,2019,kharif,1551,2275.0,1.47,28.85,131.28,1092.6
maize,visakhapatanam,2019,kharif,4894,16512.0,3.37,28.85,131.28,1092.6
ragi,visakhapatanam,2019,kharif,17859,19859.0,1.11,28.85,131.28,1092.6
rice,visakhapatanam,2019,kharif,96998,230642.0,2.38,28.85,131.28,1092.6
turmeric,visakhapatanam,2019,kharif,11286,135432.0,12.0,28.85,131.28,1092.6
gram,visakhapatanam,2019,rabi,82,119.0,1.45,28.85,131.28,1092.6
moong(green_gram),visakhapatanam,2019,rabi,2654,998.0,0.38,28.85,131.28,1092.6
sunflower,visakhapatanam,2019,rabi,74,76.0,1.03,28.85,131.28,1092.6
bajra,vizianagaram,2019,kharif,34,41.0,1.21,30.78,266.6866133333333,929.8805333333333
cotton,vizianagaram,2019,kharif,12257,5430.0,0.44,30.78,266.6866133333333,929.8805333333333
groundnut,vizianagaram,2019,kharif,980,1259.0,1.28,30.78,266.6866133333333,929.8805333333333
maize,vizianagaram,2019,kharif,18600,99436.0,5.35,30.78,266.6866133333333,929.8805333333333
ragi,vizianagaram,2019,kharif,998,1258.0,1.26,30.78,266.6866133333333,929.8805333333333
rice,vizianagaram,2019,kharif,119381,384713.0,3.22,30.78,266.6866133333333,929.8805333333333
gram,vizianagaram,2019,rabi,121,176.0,1.45,30.78,266.6866133333333,929.8805333333333
moong(green_gram),vizianagaram,2019,rabi,12470,9041.0,0.73,30.78,266.6866133333333,929.8805333333333
sunflower,vizianagaram,2019,rabi,9,9.0,1.0,30.78,266.6866133333333,929.8805333333333
cotton,west_godavari,2019,kharif,4856,2285.0,0.47,29.56,529.88,861.1
groundnut,west_godavari,2019,kharif,1117,2322.0,2.08,29.56,529.88,861.1
maize,west_godavari,2019,kharif,1922,11497.0,5.98,29.56,529.88,861.1
rice,west_godavari,2019,kharif,224398,850763.0,3.79,29.56,529.88,861.1
turmeric,west_godavari,2019,kharif,180,2160.0,12.0,29.56,529.88,861.1
gram,west_godavari,2019,rabi,4,6.0,1.5,29.56,529.88,861.1
moong(green_gram),west_godavari,2019,rabi,7296,8792.0,1.21,29.56,529.88,861.1
sunflower,west_godavari,2019,rabi,44,37.0,0.84,29.56,529.88,861.1
bajra,anantapur,2020,kharif,2427,3432.0,1.41,33.5,96.3,708.8
cotton,anantapur,2020,kharif,40424,35183.0,0.87,33.5,96.3,708.8
groundnut,anantapur,2020,kharif,481154,227586.0,0.47,33.5,96.3,708.8
maize,anantapur,2020,kharif,17529,67311.0,3.84,33.5,96.3,708.8
ragi,anantapur,2020,kharif,2400,4054.0,1.69,33.5,96.3,708.8
rice,anantapur,2020,kharif,20037,54581.0,2.72,33.5,96.3,708.8
castor_seed,anantapur,2020,rabi,64,25.0,0.39,33.5,96.3,708.8
gram,anantapur,2020,rabi,87490,37883.0,0.43,33.5,96.3,708.8
moong(green_gram),anantapur,2020,rabi,1060,257.0,0.24,33.5,96.3,708.8
safflower,anantapur,2020,rabi,691,355.0,0.51,33.5,96.3,708.8
sunflower,anantapur,2020,rabi,2879,1273.0,0.44,33.5,96.3,708.8
bajra,chittoor,2020,kharif,3269,9029.0,2.76,27.65,188.55,1418.9
cotton,chittoor,2020,kharif,28,78.0,2.79,27.65,188.55,1418.9
groundnut,chittoor,2020,kharif,122977,127404.0,1.04,27.65,188.55,1418.9
maize,chittoor,2020,kharif,1493,3931.0,2.63,27.65,188.55,1418.9
ragi,chittoor,2020,kharif,5503,6400.0,1.16,27.65,188.55,1418.9
rice,chittoor,2020,kharif,29724,108006.0,3.63,27.65,188.55,1418.9
moong(green_gram),chittoor,2020,rabi,167,139.0,0.83,27.65,188.55,1418.9
sunflower,chittoor,2020,rabi,363,661.0,1.82,27.65,188.55,1418.9
bajra,east_godavari,2020,kharif,6,5.0,0.83,30.59,335.86,1099.1
cotton,east_godavari,2020,kharif,6962,15995.0,2.3,30.59,335.86,1099.1
groundnut,east_godavari,2020,kharif,12,41.0,3.42,30.59,335.86,1099.1
maize,east_godavari,2020,kharif,681,1812.0,2.66,30.59,335.86,1099.1
ragi,east_godavari,2020,kharif,326,379.0,1.16,30.59,335.86,1099.1
rice,east_godavari,2020,kharif,220431,498020.0,2.26,30.59,335.86,1099.1
gram,east_godavari,2020,rabi,1675,3224.0,1.92,30.59,335.86,1099.1
moong(green_gram),east_godavari,2020,rabi,6145,4517.0,0.74,30.59,335.86,1099.1
sunflower,east_godavari,2020,rabi,139,316.0,2.27,30.59,335.86,1099.1
bajra,guntur,2020,kharif,870,995.0,1.14,30.61,341.54,713.5
cotton,guntur,2020,kharif,162789,458324.0,2.82,30.61,341.54,713.5
groundnut,guntur,2020,kharif,434,1568.0,3.61,30.61,341.54,713.5
maize,guntur,2020,kharif,1119,7455.0,6.66,30.61,341.54,713.5
rice,guntur,2020,kharif,213628,668086.0,3.13,30.61,341.54,713.5
castor_seed,guntur,2020,rabi,18,15.0,0.83,30.61,341.54,713.5
gram,guntur,2020,rabi,17458,33240.0,1.9,30.61,341.54,713.5
moong(green_gram),guntur,2020,rabi,29899,35819.0,1.2,30.61,341.54,713.5
sunflower,guntur,2020,rabi,17,20.0,1.18,30.61,341.54,713.5
bajra,kadapa,2020,kharif,2841,7117.0,2.51,34.21,250.34,1012.5
cotton,kadapa,2020,kharif,15227,15625.0,1.03,34.21,250.34,1012.5
groundnut,kadapa,2020,kharif,29827,28932.0,0.97,34.21,250.34,1012.5
maize,kadapa,2020,kharif,699,1439.0,2.06,34.21,250.34,1012.5
ragi,kadapa,2020,kharif,24,32.0,1.33,34.21,250.34,1012.5
rice,kadapa,2020,kharif,36780,70201.0,1.91,34.21,250.34,1012.5
castor_seed,kadapa,2020,rabi,21,9.0,0.43,34.21,250.34,1012.5
gram,kadapa,2020,rabi,106078,121778.0,1.15,34.21,250.34,1012.5
moong(green_gram),kadapa,2020,rabi,7157,3550.0,0.5,34.21,250.34,1012.5
safflower,kadapa,2020,rabi,212,111.0,0.52,34.21,250.34,1012.5
sunflower,kadapa,2020,rabi,5174,3084.0,0.6,34.21,250.34,1012.5
cotton,krishna,2020,kharif,47851,111337.0,2.33,31.65,303.08,944.8
groundnut,krishna,2020,kharif,1079,2487.0,2.3,31.65,303.08,944.8
maize,krishna,2020,kharif,4322,21182.0,4.9,31.65,303.08,944.8
rice,krishna,2020,kharif,250926,812833.0,3.24,31.65,303.08,944.8
gram,krishna,2020,rabi,4194,6916.0,1.65,31.65,303.08,944.8
moong(green_gram),krishna,2020,rabi,5068,5484.0,1.08,31.65,303.08,944.8
sunflower,krishna,2020,rabi,9,11.0,1.22,31.65,303.08,944.8
bajra,kurnool,2020,kharif,4278,5878.0,1.37,29.5,262.13,470.3
cotton,kurnool,2020,kharif,275798,862950.0,3.13,29.5,262.13,470.3
groundnut,kurnool,2020,kharif,93972,95288.0,1.01,29.5,262.13,470.3
maize,kurnool,2020,kharif,46849,181680.0,3.88,29.5,262.13,470.3
ragi,kurnool,2020,kharif,1,1.0,1.0,29.5,262.13,470.3
rice,kurnool,2020,kharif,83979,247240.0,2.94,29.5,262.13,470.3
castor_seed,kurnool,2020,rabi,78,40.0,0.51,29.5,262.13,470.3
gram,kurnool,2020,rabi,148711,176371.0,1.19,29.5,262.13,470.3
moong(green_gram),kurnool,2020,rabi,1610,1742.0,1.08,29.5,262.13,470.3
safflower,kurnool,2020,rabi,47,31.0,0.66,29.5,262.13,470.3
sunflower,kurnool,2020,rabi,826,988.0,1.2,29.5,262.13,470.3
bajra,prakasam,2020,kharif,9810,28557.0,2.91,28.61,266.6866133333333,929.8805333333333
cotton,prakasam,2020,kharif,32175,44541.0,1.38,28.61,266.6866133333333,929.8805333333333
groundnut,prakasam,2020,kharif,2421,7483.0,3.09,28.61,266.6866133333333,929.8805333333333
maize,prakasam,2020,kharif,1799,7608.0,4.23,28.61,266.6866133333333,929.8805333333333
ragi,prakasam,2020,kharif,19,20.0,1.05,28.61,266.6866133333333,929.8805333333333
rice,prakasam,2020,kharif,26622,90446.0,3.4,28.61,266.6866133333333,929.8805333333333
castor_seed,prakasam,2020,rabi,235,51.0,0.22,28.61,266.6866133333333,929.8805333333333
gram,prakasam,2020,rabi,92410,138061.0,1.49,28.61,266.6866133333333,929.8805333333333
moong(green_gram),prakasam,2020,rabi,1077,1092.0,1.01,28.61,266.6866133333333,929.8805333333333
safflower,prakasam,2020,rabi,3,2.0,0.67,28.61,266.6866133333333,929.8805333333333
sunflower,prakasam,2020,rabi,544,487.0,0.9,28.61,266.6866133333333,929.8805333333333
bajra,spsr_nellore,2020,kharif,1273,3717.0,2.92,32.55,284.19,1385.3
cotton,spsr_nellore,2020,kharif,2748,7539.0,2.74,32.55,284.19,1385.3
groundnut,spsr_nellore,2020,kharif,10636,42916.0,4.03,32.55,284.19,1385.3
maize,spsr_nellore,2020,kharif,128,456.0,3.56,32.55,284.19,1385.3
ragi,spsr_nellore,2020,kharif,68,81.0,1.19,32.55,284.19,1385.3
rice,spsr_nellore,2020,kharif,88911,320079.0,3.6,32.55,284.19,1385.3
gram,spsr_nellore,2020,rabi,10588,14749.0,1.39,32.55,284.19,1385.3
moong(green_gram),spsr_nellore,2020,rabi,1596,488.0,0.31,32.55,284.19,1385.3
sunflower,spsr_nellore,2020,rabi,84,71.0,0.85,32.55,284.19,1385.3
bajra,srikakulam,2020,kharif,40,90.0,2.25,30.5,197.76,952.4
cotton,srikakulam,2020,kharif,3723,13491.0,3.62,30.5,197.76,952.4
groundnut,srikakulam,2020,kharif,341,444.0,1.3,30.5,197.76,952.4
maize,srikakulam,2020,kharif,14955,47377.0,3.17,30.5,197.76,952.4
ragi,srikakulam,2020,kharif,138,157.0,1.14,30.5,197.76,952.4
rice,srikakulam,2020,kharif,195124,504643.0,2.59,30.5,197.76,952.4
moong(green_gram),srikakulam,2020,rabi,19969,9465.0,0.47,30.5,197.76,952.4
sunflower,srikakulam,2020,rabi,303,382.0,1.26,30.5,197.76,952.4
bajra,visakhapatanam,2020,kharif,1214,1162.0,0.96,29.57,156.85,1210.4
cotton,visakhapatanam,2020,kharif,810,660.0,0.81,29.57,156.85,1210.4
groundnut,visakhapatanam,2020,kharif,1385,2925.0,2.11,29.57,156.85,1210.4
maize,visakhapatanam,2020,kharif,4690,14980.0,3.19,29.57,156.85,1210.4
ragi,visakhapatanam,2020,kharif,16528,17189.0,1.04,29.57,156.85,1210.4
rice,visakhapatanam,2020,kharif,102722,249848.0,2.43,29.57,156.85,1210.4
moong(green_gram),visakhapatanam,2020,rabi,2961,1125.0,0.38,29.57,156.85,1210.4
sunflower,visakhapatanam,2020,rabi,108,130.0,1.2,29.57,156.85,1210.4
bajra,vizianagaram,2020,kharif,31,30.0,0.97,30.41,266.6866133333333,929.8805333333333
cotton,vizianagaram,2020,kharif,10070,21451.0,2.13,30.41,266.6866133333333,929.8805333333333
groundnut,vizianagaram,2020,kharif,470,569.0,1.21,30.41,266.6866133333333,929.8805333333333
maize,vizianagaram,2020,kharif,18386,73673.0,4.01,30.41,266.6866133333333,929.8805333333333
ragi,vizianagaram,2020,kharif,908,1299.0,1.43,30.41,266.6866133333333,929.8805333333333
rice,vizianagaram,2020,kharif,108497,310379.0,2.86,30.41,266.6866133333333,929.8805333333333
gram,vizianagaram,2020,rabi,84,130.0,1.55,30.41,266.6866133333333,929.8805333333333
moong(green_gram),vizianagaram,2020,rabi,12127,6015.0,0.5,30.41,266.6866133333333,929.8805333333333
safflower,vizianagaram,2020,rabi,2,1.0,0.5,30.41,266.6866133333333,929.8805333333333
sunflower,vizianagaram,2020,rabi,15,18.0,1.2,30.41,266.6866133333333,929.8805333333333
cotton,west_godavari,2020,kharif,4770,7792.0,1.63,30.39,444.72,1053.9
groundnut,west_godavari,2020,kharif,816,2254.0,2.76,30.39,444.72,1053.9
maize,west_godavari,2020,kharif,1361,5109.0,3.75,30.39,444.72,1053.9
rice,west_godavari,2020,kharif,223249,572064.0,2.56,30.39,444.72,1053.9
gram,west_godavari,2020,rabi,2,3.0,1.5,30.39,444.72,1053.9
moong(green_gram),west_godavari,2020,rabi,5247,6853.0,1.31,30.39,444.72,1053.9
sunflower,west_godavari,2020,rabi,31,66.0,2.13,30.39,444.72,1053.9
